Workbook

Sheet Raw_Data
A1: Lookup_Key | B1: Department | C1: Month | D1: Budget | E1: Actual | F1: Variance | G1: Variance_pct
A2: =B2&TEXT(C2,"MMM") -> SalesJan | B2: Sales | C2: 45292 | D2: 284101 | E2: 267910 | F2: -16191 | G2: -0.057
A3: =B3&TEXT(C3,"MMM") -> SalesFeb | B3: Sales | C3: 45323 | D3: 52786 | E3: 50926 | F3: -1860 | G3: -0.0352
A4: =B4&TEXT(C4,"MMM") -> SalesMar | B4: Sales | C4: 45352 | D4: 52777 | E4: 53012 | F4: 235 | G4: 0.0045
A5: =B5&TEXT(C5,"MMM") -> SalesApr | B5: Sales | C5: 45383 | D5: 18621 | E5: 18392 | F5: -229 | G5: -0.0123
A6: =B6&TEXT(C6,"MMM") -> SalesMay | B6: Sales | C6: 45413 | D6: 625881 | E6: 602361 | F6: -23520 | G6: -0.0376
A7: =B7&TEXT(C7,"MMM") -> SalesJun | B7: Sales | C7: 45444 | D7: 286012 | E7: 291770 | F7: 5758 | G7: 0.0201
A8: =B8&TEXT(C8,"MMM") -> SalesJul | B8: Sales | C8: 45474 | D8: 383156 | E8: 358292 | F8: -24864 | G8: -0.0649
A9: =B9&TEXT(C9,"MMM") -> SalesAug | B9: Sales | C9: 45505 | D9: 6473 | E9: 6230 | F9: -243 | G9: -0.0375
A10: =B10&TEXT(C10,"MMM") -> SalesSep | B10: Sales | C10: 45536 | D10: 1090283 | E10: 1064056 | F10: -26227 | G10: -0.0241
A11: =B11&TEXT(C11,"MMM") -> SalesOct | B11: Sales | C11: 45566 | D11: 555924 | E11: 551528 | F11: -4396 | G11: -0.0079
A12: =B12&TEXT(C12,"MMM") -> SalesNov | B12: Sales | C12: 45597 | D12: 74278 | E12: 78090 | F12: 3812 | G12: 0.0513
A13: =B13&TEXT(C13,"MMM") -> SalesDec | B13: Sales | C13: 45627 | D13: 62450 | E13: 59074 | F13: -3376 | G13: -0.0541
... A97: =B97&TEXT(C97,"MMM") -> ITDec | B97: IT | C97: 45627 | D97: 44481 | E97: 47290 | F97: 2809 | G97: 0.0632

Sheet Dashboard
B2: Select Month
B3: Jan
B5: Department | C5: Budget | D5: Actual | E5: Variance ($) | F5: Variance (%)
B6: Sales | C6: =INDEX(Raw_Data!D:D,MATCH(B6&$B$3,Raw_Data!A:A,0)) -> 284101 | D6: =INDEX(Raw_Data!E:E,MATCH(B6&$B$3,Raw_Data!A:A,0)) -> 267910 | E6: =D6-C6 -> -16191 | F6: =IFERROR((D6-C6)/C6,0) -> -0.056990296
B7: Marketing | C7: =INDEX(Raw_Data!D:D,MATCH(B7&$B$3,Raw_Data!A:A,0)) -> 1310207 | D7: =INDEX(Raw_Data!E:E,MATCH(B7&$B$3,Raw_Data!A:A,0)) -> 1353427 | E7: =D7-C7 -> 43220 | F7: =IFERROR((D7-C7)/C7,0) -> 0.032987154
B8: Operations | C8: =INDEX(Raw_Data!D:D,MATCH(B8&$B$3,Raw_Data!A:A,0)) -> 936211 | D8: =INDEX(Raw_Data!E:E,MATCH(B8&$B$3,Raw_Data!A:A,0)) -> 899294 | E8: =D8-C8 -> -36917 | F8: =IFERROR((D8-C8)/C8,0) -> -0.03943235
B9: R&D | C9: =INDEX(Raw_Data!D:D,MATCH(B9&$B$3,Raw_Data!A:A,0)) -> 32179 | D9: =INDEX(Raw_Data!E:E,MATCH(B9&$B$3,Raw_Data!A:A,0)) -> 32018 | E9: =D9-C9 -> -161 | F9: =IFERROR((D9-C9)/C9,0) -> -0.005003263
B10: HR | C10: =INDEX(Raw_Data!D:D,MATCH(B10&$B$3,Raw_Data!A:A,0)) -> 176168 | D10: =INDEX(Raw_Data!E:E,MATCH(B10&$B$3,Raw_Data!A:A,0)) -> 180398 | E10: =D10-C10 -> 4230 | F10: =IFERROR((D10-C10)/C10,0) -> 0.024011171
B11: Customer Success | C11: =INDEX(Raw_Data!D:D,MATCH(B11&$B$3,Raw_Data!A:A,0)) -> 1363 | D11: =INDEX(Raw_Data!E:E,MATCH(B11&$B$3,Raw_Data!A:A,0)) -> 1476 | E11: =D11-C11 -> 113 | F11: =IFERROR((D11-C11)/C11,0) -> 0.082905356
B12: Finance | C12: =INDEX(Raw_Data!D:D,MATCH(B12&$B$3,Raw_Data!A:A,0)) -> 204546 | D12: =INDEX(Raw_Data!E:E,MATCH(B12&$B$3,Raw_Data!A:A,0)) -> 215530 | E12: =D12-C12 -> 10984 | F12: =IFERROR((D12-C12)/C12,0) -> 0.053699412
B13: IT | C13: =INDEX(Raw_Data!D:D,MATCH(B13&$B$3,Raw_Data!A:A,0)) -> 107335 | D13: =INDEX(Raw_Data!E:E,MATCH(B13&$B$3,Raw_Data!A:A,0)) -> 116922 | E13: =D13-C13 -> 9587 | F13: =IFERROR((D13-C13)/C13,0) -> 0.089318489
B16: Department | C16: Net Impact ($)
B17: Total Budget | C17: =SUM(C6:C13) -> 3052110
B18: Sales | C18: =E6 -> -16191
B19: Marketing | C19: =E7 -> 43220
B20: Operations | C20: =E8 -> -36917
B21: R&D | C21: =E9 -> -161
B22: HR | C22: =E10 -> 4230
B23: Customer Success | C23: =E11 -> 113
B24: Finance | C24: =E12 -> 10984
B25: IT | C25: =E13 -> 9587
B26: Total Actual | C26: =SUM(D6:D13) -> 3066975
